[{"description": "On Sunday, a Bitcoin wallet that had been inactive for nearly 12 years suddenly sprang to life, transferring 1,000 BTC\u2026 Continue reading Long-dormant Bitcoin wallet awakens, moves $60M\nThe post Long-dormant Bitcoin wallet awakens, moves $60M appeared first on\u2026", "date": "2024-07-15T14:18:34Z", "vader_sentiment": "POSITIVE", "vader_score": 0.0, "bert_sentiment": "NEGATIVE", "bert_score": 0.711383581161499, "combined_sentiment": "POSITIVE", "combined_score": 0.3556917905807495}, {"description": "Popular trader Roman recently highlighted two classic technical indicators for BTC/USD, suggesting that Bitcoin (BTC) could be setting the stage for a...", "date": "2024-06-24T06:21:32Z", "vader_sentiment": "POSITIVE", "vader_score": 0.4215, "bert_sentiment": "POSITIVE", "bert_score": 0.2597886323928833, "combined_sentiment": "POSITIVE", "combined_score": 0.34064431619644164}, {"description": "Earlier this week, WikiLeaks co-founder Julian Assange received a donation of 8.07 bitcoin (worth roughly $500,000) from an anonymous bitcoin whale, \"helping to cover the cost of a private jet that flew him out of the U.K. and ultimately to freedom in Austral\u2026", "date": "2024-06-27T21:30:00Z", "vader_sentiment": "POSITIVE", "vader_score": 0.8074, "bert_sentiment": "NEGATIVE", "bert_score": 0.501451849937439, "combined_sentiment": "POSITIVE", "combined_score": 0.6544259249687194}, {"description": "The cryptocurrency market faced significant turbulence as Bitcoin\u2019s (BTC) value fell below $63,000, leading to a surge in long position\u2026 Continue reading Bitcoin plunge below $63k triggers wave of liquidations\nThe post Bitcoin plunge below $63k triggers wave \u2026", "date": "2024-06-24T16:38:30Z", "vader_sentiment": "POSITIVE", "vader_score": 0.4939, "bert_sentiment": "NEGATIVE", "bert_score": 0.634025514125824, "combined_sentiment": "POSITIVE", "combined_score": 0.563962757062912}, {"description": "Japanese investment firm Metaplanet is planning to sell one billion yen in bonds to buy Bitcoin, as part of its\u2026 Continue reading Japanese investment firm Metaplanet to sell $6m of bonds to buy Bitcoin\nThe post Japanese investment firm Metaplanet to sell $6m \u2026", "date": "2024-06-24T13:47:08Z", "vader_sentiment": "POSITIVE", "vader_score": 0.0, "bert_sentiment": "NEGATIVE", "bert_score": 0.6599765419960022, "combined_sentiment": "POSITIVE", "combined_score": 0.3299882709980011}, {"description": "Niemiecki rz\u0105d przej\u0105\u0142 na pocz\u0105tku tego roku ponad 50 tys. bitcoin\u00f3w po tym jak zamkn\u0105\u0142 dzia\u0142alno\u015b\u0107 jednej z pirackich stron z filmami. W tamtym czasie by\u0142a to fortuna warta ponad 2 mld USD, kt\u00f3ra teraz jest stopniowo wyprzedawana i zbija kurs najpopularniejs\u2026", "date": "2024-07-10T07:24:40Z", "vader_sentiment": "NEGATIVE", "vader_score": -0.5574, "bert_sentiment": "NEGATIVE", "bert_score": 0.3670080006122589, "combined_sentiment": "NEGATIVE", "combined_score": -0.09519599969387055}, {"description": "Bitcoin (BTC-USD) has been in a consolidation zone after a big rally in the last 12 months. I expect some more consolidation between $60,000 and $70,000 before a fresh rally. It\u2019s therefore a good time to look at some of the best crypto stocks to buy.\nIt\u2019s wo\u2026", "date": "2024-07-04T11:04:48Z", "vader_sentiment": "POSITIVE", "vader_score": 0.8555, "bert_sentiment": "POSITIVE", "bert_score": 0.4206129014492035, "combined_sentiment": "POSITIVE", "combined_score": 0.6380564507246018}, {"description": "Theo d\u1eef li\u1ec7u c\u1ee7a BitInfoCharts t\u00ednh t\u1edbi h\u1ebft th\u00e1ng 5/24, 34xp4vRoCGJym3xR7yCVPFHoCNxv4Twseo l\u00e0 \u0111\u1ecba ch\u1ec9 v\u00ed Bitcoin c\u00f3 gi\u00e1 tr\u1ecb cao nh\u1ea5t hi\u1ec7n nay, n\u00f3 \u0111ang ch\u1ee9a 248.597 BTC, quy \u0111\u1ed5i ra ti\u1ec1n th\u00ec \u01b0\u1edbc t\u00ednh tr\u1ecb gi\u00e1 l\u00ean t\u1edbi 17.5 t\u1ef7 \u0111\u00f4 la M\u1ef9.", "date": "2024-07-12T10:51:12Z", "vader_sentiment": "POSITIVE", "vader_score": 0.0, "bert_sentiment": "NEGATIVE", "bert_score": 0.4899720251560211, "combined_sentiment": "POSITIVE", "combined_score": 0.24498601257801056}, {"description": "Bitcoin (CRYPTO: BTC/USD) stocks including Marathon Digital Holdings, Inc (NASDAQ:MARA), CleanSpark, Inc (NASDAQ:CLSK), Coinbase Global, Inc (NASDAQ:COIN...", "date": "2024-07-15T14:06:04Z", "vader_sentiment": "POSITIVE", "vader_score": 0.0, "bert_sentiment": "POSITIVE", "bert_score": 0.25922971963882446, "combined_sentiment": "POSITIVE", "combined_score": 0.12961485981941223}, {"description": "Collapsed bitcoin (BTC-USD) exchange Mt. Gox is reportedly beginning to pay back the nearly $9 billion in bitcoin it owes to customers from its 2014...", "date": "2024-07-05T13:41:44Z", "vader_sentiment": "NEGATIVE", "vader_score": -0.3612, "bert_sentiment": "NEGATIVE", "bert_score": 0.782589852809906, "combined_sentiment": "POSITIVE", "combined_score": 0.210694926404953}, {"description": "The blockchain has made it a lot easier to convert bitcoin into dollars, which can help bitcoin users fund other investments.", "date": "2024-07-04T19:32:26Z", "vader_sentiment": "POSITIVE", "vader_score": 0.6705, "bert_sentiment": "POSITIVE", "bert_score": 0.3832368552684784, "combined_sentiment": "POSITIVE", "combined_score": 0.5268684276342392}, {"description": "Analysts have said MicroStrategy's purchase of bitcoin to protect the value of its reserve assets has helped strengthen the appeal of the firm's stock, which...", "date": "2024-07-11T12:33:09Z", "vader_sentiment": "POSITIVE", "vader_score": 0.7906, "bert_sentiment": "POSITIVE", "bert_score": 0.32381170988082886, "combined_sentiment": "POSITIVE", "combined_score": 0.5572058549404144}, {"description": "BTC's dominance tanked Monday as news of Mt. Gox repayments bolstered concerns of supply overhang entering the market.", "date": "2024-06-25T07:46:15Z", "vader_sentiment": "POSITIVE", "vader_score": 0.2023, "bert_sentiment": "NEGATIVE", "bert_score": 0.33682700991630554, "combined_sentiment": "POSITIVE", "combined_score": 0.2695635049581528}, {"description": "Hugh Hendry, famed former global macro hedge fund manager, says everything is overvalued and markets are out-of-sync with the world. He goes on to say that...", "date": "2024-07-19T11:13:00Z", "vader_sentiment": "POSITIVE", "vader_score": 0.0, "bert_sentiment": "NEGATIVE", "bert_score": 0.49650341272354126, "combined_sentiment": "POSITIVE", "combined_score": 0.24825170636177063}, {"description": "The cryptocurrency market bled profusely Thursday, as investors shuddered about the movement of billions of Bitcoin (CRYPTO: BTC) ahead of a probable sell-off.", "date": "2024-07-05T19:20:35Z", "vader_sentiment": "POSITIVE", "vader_score": 0.0, "bert_sentiment": "NEGATIVE", "bert_score": 0.7903321385383606, "combined_sentiment": "POSITIVE", "combined_score": 0.3951660692691803}, {"description": "Discounts in the Grayscale Ethereum Trust and the Coinbase indicator have evaporated in a positive sign for the ether bulls.", "date": "2024-07-08T10:26:07Z", "vader_sentiment": "POSITIVE", "vader_score": 0.7845, "bert_sentiment": "NEGATIVE", "bert_score": 0.3053785264492035, "combined_sentiment": "POSITIVE", "combined_score": 0.5449392632246017}, {"description": "Billionaire entrepreneur Mark Cuban has been a long-term investor in cryptocurrencies, allocating space to heavyweights like Ethereum (CRYPTO: ETH) in his portfolio.", "date": "2024-07-18T16:12:09Z", "vader_sentiment": "POSITIVE", "vader_score": 0.3612, "bert_sentiment": "POSITIVE", "bert_score": 0.39517131447792053, "combined_sentiment": "POSITIVE", "combined_score": 0.37818565723896025}, {"description": "Exactly 7 years ago today, a guy held up a \u201cBuy Bitcoin\u201d sign at a live congressional hearing. If you would have taken his advise back then, you would have bought bitcoin at $2,337.79 per coin. Today, BTC worth $57,755 per coin. The person holding the sign, C\u2026", "date": "2024-07-11T16:44:54Z", "vader_sentiment": "POSITIVE", "vader_score": 0.2263, "bert_sentiment": "NEGATIVE", "bert_score": 0.5151498913764954, "combined_sentiment": "POSITIVE", "combined_score": 0.37072494568824765}, {"description": "Bitcoin stocks rise as U.S. institutional investors resume buying, with BTC surging past $63,000 for first time in 12 days. Bull vs. bear battle at this level. Investors can gain exposure through IBIT and BITO ETFs.", "date": "2024-07-15T16:06:04Z", "vader_sentiment": "POSITIVE", "vader_score": 0.2023, "bert_sentiment": "NEGATIVE", "bert_score": 0.3070319890975952, "combined_sentiment": "POSITIVE", "combined_score": 0.2546659945487976}, {"description": "BlackRock Inc (NYSE:BLK) CEO Larry Fink was skeptical about the prospects of Bitcoin (CRYPTO: BTC) for years, but he remained open-minded and eventually came to believe it was a legitimate financial tool.", "date": "2024-07-16T15:42:26Z", "vader_sentiment": "NEGATIVE", "vader_score": -0.0129, "bert_sentiment": "POSITIVE", "bert_score": 0.25981011986732483, "combined_sentiment": "POSITIVE", "combined_score": 0.12345505993366242}, {"description": "[Removed]", "date": "1970-01-01T00:00:00Z", "vader_sentiment": "POSITIVE", "vader_score": 0.0, "bert_sentiment": "NEGATIVE", "bert_score": 0.4003075361251831, "combined_sentiment": "POSITIVE", "combined_score": 0.20015376806259155}, {"description": "Bitcoin spad\u0142 do najni\u017cszego poziomu od ko\u0144ca lutego, gdy inwestorzy zareagowali panicznie na informacje o wys\u0142aniu 47 228 BTC (2,6 mld USD) z portfela upad\u0142ej gie\u0142dy kryptowalut Mt.Gox.", "date": "2024-07-05T09:54:52Z", "vader_sentiment": "POSITIVE", "vader_score": 0.0, "bert_sentiment": "NEGATIVE", "bert_score": 0.7991139888763428, "combined_sentiment": "POSITIVE", "combined_score": 0.3995569944381714}, {"description": "Economist and staunch Bitcoin (CRYPTO: BTC) critic Peter Schiff recently expressed concerns over ETF investors being set up to bear the brunt of losses.", "date": "2024-07-09T14:35:41Z", "vader_sentiment": "NEGATIVE", "vader_score": -0.5859, "bert_sentiment": "NEGATIVE", "bert_score": 0.5204910039901733, "combined_sentiment": "NEGATIVE", "combined_score": -0.03270449800491332}, {"description": "Another week of gains followed volatile trading on Wall Street as inflation data cemented September rate hikes and big Wall Street banks kicked off second...", "date": "2024-07-15T10:31:29Z", "vader_sentiment": "POSITIVE", "vader_score": 0.34, "bert_sentiment": "NEGATIVE", "bert_score": 0.5463047623634338, "combined_sentiment": "POSITIVE", "combined_score": 0.44315238118171696}, {"description": "Renowned economist and fierce Bitcoin (CRYPTO: BTC) critic, Peter Schiff, launched a no-holds-barred attack against the digital currency, going to the extent of calling it \u201cfraud.\u201d", "date": "2024-07-10T19:33:36Z", "vader_sentiment": "NEGATIVE", "vader_score": -0.5719, "bert_sentiment": "NEGATIVE", "bert_score": 0.7630891799926758, "combined_sentiment": "POSITIVE", "combined_score": 0.09559458999633791}, {"description": "Bitcoin and Ethereum consolidated, while Dogecoin rose as President Joe Biden announced his withdrawal from the 2024 presidential race.", "date": "2024-07-22T05:46:25Z", "vader_sentiment": "POSITIVE", "vader_score": 0.0258, "bert_sentiment": "NEGATIVE", "bert_score": 0.46826815605163574, "combined_sentiment": "POSITIVE", "combined_score": 0.24703407802581787}, {"description": "Bitcoin price failed to start a fresh increase above the $62,850 resistance zone. BTC started another decline and tumbled 5% to test $58,000. Bitcoin started a fresh decline and traded below the $60,000 zone. The price is trading below $61,500 and the 100 hou\u2026", "date": "2024-07-04T02:51:30Z", "vader_sentiment": "POSITIVE", "vader_score": 0.3818, "bert_sentiment": "NEGATIVE", "bert_score": 0.6450474262237549, "combined_sentiment": "POSITIVE", "combined_score": 0.5134237131118774}, {"description": "Bitcoin price started a strong increase and broke the $62,000 resistance level. BTC is showing positive signs and might rise toward the $63,200 level. Bitcoin gained bullish momentum above the $60,500 resistance zone. The price is trading above $61,500 and th\u2026", "date": "2024-07-15T02:58:19Z", "vader_sentiment": "POSITIVE", "vader_score": 0.8402, "bert_sentiment": "NEGATIVE", "bert_score": 0.563838005065918, "combined_sentiment": "POSITIVE", "combined_score": 0.7020190025329589}, {"description": "Bitcoin price started another decline from the $59,500 level. BTC is moving lower, and the bears could gain strength below the $56,000 support. Bitcoin started another decline from the $59,500 resistance zone. The price is trading below $57,500 and the 100 ho\u2026", "date": "2024-07-12T02:35:41Z", "vader_sentiment": "POSITIVE", "vader_score": 0.7964, "bert_sentiment": "NEGATIVE", "bert_score": 0.4182375371456146, "combined_sentiment": "POSITIVE", "combined_score": 0.6073187685728073}, {"description": "Bitcoin price corrected gained from the $66,000 resistance level. BTC dipped below $64,000 and might extend losses in the short term. Bitcoin started a fresh downside correction from the $66,000 resistance zone. The price is trading below $64,500 and the 100 \u2026", "date": "2024-07-19T02:49:38Z", "vader_sentiment": "POSITIVE", "vader_score": 0.2263, "bert_sentiment": "NEGATIVE", "bert_score": 0.4017060101032257, "combined_sentiment": "POSITIVE", "combined_score": 0.3140030050516128}, {"description": "Bitcoin price struggled to extend gains above the $66,000 resistance level. BTC is consolidating and holding gains above the $63,500 zone. Bitcoin struggled to continue higher above the $66,000 resistance zone. The price is trading above $63,500 and the 100 h\u2026", "date": "2024-07-18T02:47:22Z", "vader_sentiment": "POSITIVE", "vader_score": 0.1779, "bert_sentiment": "NEGATIVE", "bert_score": 0.42421114444732666, "combined_sentiment": "POSITIVE", "combined_score": 0.3010555722236633}, {"description": "Bitcoin price extended gains above the $68,000 resistance level. BTC bulls seem to be in action, and they might aim for a move toward the $70,000 level. Bitcoin started a fresh increase above the $66,500 resistance zone. The price is trading above $66,500 and\u2026", "date": "2024-07-22T03:03:59Z", "vader_sentiment": "POSITIVE", "vader_score": 0.7184, "bert_sentiment": "NEGATIVE", "bert_score": 0.30496859550476074, "combined_sentiment": "POSITIVE", "combined_score": 0.5116842977523803}, {"description": "Bitcoin price is consolidating above the $60,550 support zone. BTC could avoid more downsides if it manages to recover above the $62,400 resistance. Bitcoin is still struggling to recover above the $62,200 and $62,400 levels. The price is trading above $61,50\u2026", "date": "2024-06-28T02:47:24Z", "vader_sentiment": "NEGATIVE", "vader_score": -0.3182, "bert_sentiment": "NEGATIVE", "bert_score": 0.38468137383461, "combined_sentiment": "POSITIVE", "combined_score": 0.033240686917305}, {"description": "Bitcoin price recovered above the $62,000 resistance zone. BTC must clear the $62,500 resistance zone to continue higher in the near term. Bitcoin started a recovery wave above the $61,500 and $62,000 levels. The price is trading below $63,000 and the 100 hou\u2026", "date": "2024-06-26T02:41:21Z", "vader_sentiment": "POSITIVE", "vader_score": 0.3818, "bert_sentiment": "NEGATIVE", "bert_score": 0.5988558530807495, "combined_sentiment": "POSITIVE", "combined_score": 0.4903279265403747}, {"description": "Bitcoin price is up nearly 5% and there was a move above $62,500. BTC is now testing the $63,500 resistance zone with a positive angle. Bitcoin started a decent increase above the $62,200 and $62,400 levels. The price is trading above $62,500 and the 100 hour\u2026", "date": "2024-07-01T03:15:31Z", "vader_sentiment": "POSITIVE", "vader_score": 0.7096, "bert_sentiment": "NEGATIVE", "bert_score": 0.32719865441322327, "combined_sentiment": "POSITIVE", "combined_score": 0.5183993272066116}, {"description": "Bitcoin price started another decline after it struggled near $64,550. BTC declined below the $63,500 support and might continue to move down. Bitcoin started a fresh decline from the $64,550 resistance level. The price is trading below $63,500 and the 100 ho\u2026", "date": "2024-06-24T03:21:59Z", "vader_sentiment": "POSITIVE", "vader_score": 0.3818, "bert_sentiment": "NEGATIVE", "bert_score": 0.49998700618743896, "combined_sentiment": "POSITIVE", "combined_score": 0.44089350309371944}, {"description": "Bitcoin price gained bearish momentum and traded below $60,000. BTC is signaling a short-term downtrend and might face hurdles near $62,000. Bitcoin started a fresh decline from the $62,550 resistance level. The price is trading below $61,500 and the 100 hour\u2026", "date": "2024-06-25T03:05:18Z", "vader_sentiment": "POSITIVE", "vader_score": 0.5994, "bert_sentiment": "NEGATIVE", "bert_score": 0.6342155337333679, "combined_sentiment": "POSITIVE", "combined_score": 0.616807766866684}, {"description": "Bitcoin price failed to recover above the $62,500 resistance zone. BTC is showing bearish signs and might decline again below the $60,000 support. Bitcoin struggled to recover above the $62,200 and $62,500 levels. The price is trading below $62,000 and the 10\u2026", "date": "2024-06-27T03:05:16Z", "vader_sentiment": "NEGATIVE", "vader_score": -0.4588, "bert_sentiment": "NEGATIVE", "bert_score": 0.5316058993339539, "combined_sentiment": "POSITIVE", "combined_score": 0.036402949666976936}, {"description": "Kryptowalutowi inwestorzy prze\u017cyli kolejny emocjonuj\u0105cy dzie\u0144, gdy inflacyjne dane, nadprogramowa poda\u017c i wci\u0105\u017c \u017cywe obawy zwi\u0105zane z wyp\u0142atami z Mt.Gox, sprawi\u0142y, \u017ce kurs bitcoina wystrzeli\u0142, po czym bardzo szybko zawr\u00f3ci\u0142 na po\u0142udnie.", "date": "2024-07-12T09:55:24Z", "vader_sentiment": "NEGATIVE", "vader_score": -0.5574, "bert_sentiment": "NEGATIVE", "bert_score": 0.5396992564201355, "combined_sentiment": "NEGATIVE", "combined_score": -0.008850371789932254}, {"description": "(Bloomberg) -- After trading almost in tandem in recent months, Bitcoin\u2019s correlation with surging US equities is collapsing under the weight of too much...", "date": "2024-07-09T14:15:20Z", "vader_sentiment": "NEGATIVE", "vader_score": -0.296, "bert_sentiment": "NEGATIVE", "bert_score": 0.4695596992969513, "combined_sentiment": "POSITIVE", "combined_score": 0.08677984964847565}, {"description": "Recent developments surrounding the repayment of creditors and investors of the defunct Bitcoin (BTC) exchange, Mt. Gox, have sparked concerns about potential effects on Bitcoin\u2019s price.\u00a0 As the market retraced over 20% from its three-month high above $70,000\u2026", "date": "2024-07-09T05:00:32Z", "vader_sentiment": "POSITIVE", "vader_score": 0.0, "bert_sentiment": "NEGATIVE", "bert_score": 0.41584309935569763, "combined_sentiment": "POSITIVE", "combined_score": 0.20792154967784882}, {"description": "Bitcoin price failed to start a recovery wave above the $58,500 resistance zone. BTC started another decline and might extend losses below $54,000. Bitcoin started a fresh decline and traded below the $56,500 zone. The price is trading below $56,500 and the 1\u2026", "date": "2024-07-08T03:18:22Z", "vader_sentiment": "NEGATIVE", "vader_score": -0.4588, "bert_sentiment": "NEGATIVE", "bert_score": 0.6703254580497742, "combined_sentiment": "POSITIVE", "combined_score": 0.10576272902488709}, {"description": "Bitcoin price is consolidating losses above the $55,000 level. BTC must settle above $58,500 and then $60,000 to start a recovery wave. Bitcoin dipped again and retested the $54,500 support zone. The price is trading below $58,500 and the 100 hourly Simple mo\u2026", "date": "2024-07-09T02:51:02Z", "vader_sentiment": "POSITIVE", "vader_score": 0.0, "bert_sentiment": "NEGATIVE", "bert_score": 0.5885044932365417, "combined_sentiment": "POSITIVE", "combined_score": 0.2942522466182709}, {"description": "Bitcoin price gained over 15% and broke the $65,000 resistance level. BTC is still showing positive signs and might attempt to move above the $66,000 level. Bitcoin extended its increase above the $65,000 resistance zone. The price is trading above $64,500 an\u2026", "date": "2024-07-17T02:55:28Z", "vader_sentiment": "POSITIVE", "vader_score": 0.6908, "bert_sentiment": "NEGATIVE", "bert_score": 0.506658673286438, "combined_sentiment": "POSITIVE", "combined_score": 0.5987293366432189}, {"description": "Bitcoin price is slowly moving higher above the $56,500 level. BTC might gain bullish momentum if it clears the $58,500 resistance zone. Bitcoin started a recovery wave above the $56,500 and $57,000 levels. The price is trading above $57,000 and the 100 hourl\u2026", "date": "2024-07-10T02:43:10Z", "vader_sentiment": "POSITIVE", "vader_score": 0.5719, "bert_sentiment": "NEGATIVE", "bert_score": 0.4801049530506134, "combined_sentiment": "POSITIVE", "combined_score": 0.5260024765253066}, {"description": "Bitcoin price gained over 10% and broke the $64,000 resistance level. BTC is showing positive signs and might attempt to move above the $65,000 level. Bitcoin gained bullish momentum above the $63,500 resistance zone. The price is trading above $63,500 and th\u2026", "date": "2024-07-16T02:37:45Z", "vader_sentiment": "POSITIVE", "vader_score": 0.7184, "bert_sentiment": "NEGATIVE", "bert_score": 0.6537559032440186, "combined_sentiment": "POSITIVE", "combined_score": 0.6860779516220092}, {"description": "Bitcoin price remained below the $68,500 resistance zone. BTC is consolidating its gains and might aim for a fresh upward move in the near term. Bitcoin started a consolidation phase below the $68,500 resistance zone. The price is trading above $66,800 and th\u2026", "date": "2024-07-23T03:02:22Z", "vader_sentiment": "POSITIVE", "vader_score": 0.5719, "bert_sentiment": "NEGATIVE", "bert_score": 0.27688080072402954, "combined_sentiment": "POSITIVE", "combined_score": 0.42439040036201475}, {"description": "Bitcoin price failed to start a recovery wave above the $61,500 resistance zone. BTC started another decline and might dive toward $55,000. Bitcoin started a fresh decline and traded below the $58,500 zone. The price is trading below $60,000 and the 100 hourl\u2026", "date": "2024-07-05T02:47:10Z", "vader_sentiment": "NEGATIVE", "vader_score": -0.25, "bert_sentiment": "NEGATIVE", "bert_score": 0.6773563027381897, "combined_sentiment": "POSITIVE", "combined_score": 0.21367815136909485}, {"description": "Bitcoin price struggled to clear the $59,500 level. BTC is moving lower and now at risk of more downsides toward the $56,000 level. Bitcoin started another decline from the $59,475 resistance zone. The price is trading above $57,200 and the 100 hourly Simple \u2026", "date": "2024-07-11T02:38:26Z", "vader_sentiment": "NEGATIVE", "vader_score": -0.4767, "bert_sentiment": "NEGATIVE", "bert_score": 0.4626462757587433, "combined_sentiment": "NEGATIVE", "combined_score": -0.007026862120628363}, {"description": "Bitcoin price recovered and tested the $63,650 resistance zone. BTC is now consolidating gains and might make another attempt to surpass $63,650. Bitcoin started a decent increase above the $62,500 and $63,000 levels. The price is trading above $62,250 and th\u2026", "date": "2024-07-02T02:46:06Z", "vader_sentiment": "POSITIVE", "vader_score": 0.5719, "bert_sentiment": "POSITIVE", "bert_score": 0.22575893998146057, "combined_sentiment": "POSITIVE", "combined_score": 0.39882946999073027}, {"description": "Trump's embrace of digital assets on the campaign trail has brought new focus to the role bitcoin could play as a strategic reserve asset.", "date": "2024-07-03T15:17:49Z", "vader_sentiment": "POSITIVE", "vader_score": 0.7845, "bert_sentiment": "POSITIVE", "bert_score": 0.4417837858200073, "combined_sentiment": "POSITIVE", "combined_score": 0.6131418929100036}, {"description": "Analizziamo i motivi che stanno portando Bitcoin in territorio negativo ormai da giorni. Scopriamo quali sono le migliori alternative a BTC oggi", "date": "2024-07-09T15:30:27Z", "vader_sentiment": "POSITIVE", "vader_score": 0.0, "bert_sentiment": "POSITIVE", "bert_score": 0.5060051679611206, "combined_sentiment": "POSITIVE", "combined_score": 0.2530025839805603}, {"description": "Bitcoin price failed to continue higher above the $63,650 resistance zone. BTC is now correcting gains and might revisit the $60,850 support. Bitcoin started a downside correction from the $63,650 resistance zone. The price is trading below $62,500 and the 10\u2026", "date": "2024-07-03T02:48:38Z", "vader_sentiment": "NEGATIVE", "vader_score": -0.0516, "bert_sentiment": "NEGATIVE", "bert_score": 0.38475754857063293, "combined_sentiment": "POSITIVE", "combined_score": 0.16657877428531648}, {"description": "Amidst recent fluctuations, analysts have focused on Cardano (ADA) due to its potential for a significant rally. Similarly, Bitcoin (BTC), the market leader, has shown patterns that traders must understand as they navigate the current market conditions. Relat\u2026", "date": "2024-07-04T22:00:47Z", "vader_sentiment": "POSITIVE", "vader_score": 0.5267, "bert_sentiment": "POSITIVE", "bert_score": 0.3214542865753174, "combined_sentiment": "POSITIVE", "combined_score": 0.42407714328765866}, {"description": "While social-media commentators chatter about the unthinkable multi-day decline of NVIDIA (NASDAQ:NVDA) stock, there\u2019s also been a pullback in another risk-on asset: bitcoin (BTC-USD). But is bitcoin going down? With this digital asset dropping down to $59,00\u2026", "date": "2024-06-27T17:42:55Z", "vader_sentiment": "POSITIVE", "vader_score": 0.6124, "bert_sentiment": "NEGATIVE", "bert_score": 0.5282029509544373, "combined_sentiment": "POSITIVE", "combined_score": 0.5703014754772187}, {"description": "Global payment orchestration platform FinMont has announced a new partnership with BitPay, the world\u2019s largest provider of Bitcoin and cryptocurrency payment services.", "date": "2024-07-17T09:21:22Z", "vader_sentiment": "POSITIVE", "vader_score": 0.0, "bert_sentiment": "POSITIVE", "bert_score": 0.57602858543396, "combined_sentiment": "POSITIVE", "combined_score": 0.28801429271698}, {"description": "Though small caps stumbled Wednesday, in the five prior trading days, the Russell 2000 rocketed an eyewatering 12% as the Nasdaq Composite barely remained...", "date": "2024-07-18T10:00:34Z", "vader_sentiment": "POSITIVE", "vader_score": 0.0, "bert_sentiment": "NEGATIVE", "bert_score": 0.432690292596817, "combined_sentiment": "POSITIVE", "combined_score": 0.2163451462984085}, {"description": "An analyst has explained when Bitcoin could grow large enough to rival even the US Dollar (USD) based on its historical adoption curve. Bitcoin Needs To Grow Its Adoption This Much To Challenge The USD In a new post on X, analyst Willy Woo has discussed what \u2026", "date": "2024-06-27T01:00:25Z", "vader_sentiment": "POSITIVE", "vader_score": 0.5267, "bert_sentiment": "NEGATIVE", "bert_score": 0.22424940764904022, "combined_sentiment": "POSITIVE", "combined_score": 0.3754747038245201}, {"description": "An anonymous Bitcoin donor whom some in the community have tagged as possibly Jack Dorsey, donated approximately 8 Bitcoin worth nearly $500,000 to Julian Assange's chartered flight costs, covering nearly the entire debt.", "date": "2024-06-27T09:46:05Z", "vader_sentiment": "NEGATIVE", "vader_score": -0.1531, "bert_sentiment": "NEGATIVE", "bert_score": 0.699812114238739, "combined_sentiment": "POSITIVE", "combined_score": 0.2733560571193695}, {"description": "Bitcoin is in focus, especially now that the broader market is in the red and some sectors, mostly meme coins, are sliding. Even as BTC comes under immense selling pressure, on-chain data points to strength. Over 1 Million Bitcoin Wholecoiners While the price\u2026", "date": "2024-06-27T21:30:32Z", "vader_sentiment": "POSITIVE", "vader_score": 0.25, "bert_sentiment": "POSITIVE", "bert_score": 0.2737780511379242, "combined_sentiment": "POSITIVE", "combined_score": 0.2618890255689621}, {"description": "\u2705 Encontre um cassino online com dinheiro real e comece as suas apostas nos sites com mais vantagens aos brasileiros \u27a4 Veja sites seguros aqui\nO post Top 10 cassinos online que pagam dinheiro real no Brasil apareceu primeiro em Olhar Digital.", "date": "2024-07-03T11:58:00Z", "vader_sentiment": "NEGATIVE", "vader_score": -0.1027, "bert_sentiment": "POSITIVE", "bert_score": 0.5120534300804138, "combined_sentiment": "POSITIVE", "combined_score": 0.2046767150402069}, {"description": "Over this past weekend, Bitcoin (BTC) experienced a significant rally, pushing its price above $63,000\u2014an increase of 5.6% since hitting a low below $60,000 on Friday. This unexpected surge occurred despite a lack of major news triggers, leading to speculatio\u2026", "date": "2024-07-01T08:10:03Z", "vader_sentiment": "POSITIVE", "vader_score": 0.4519, "bert_sentiment": "NEGATIVE", "bert_score": 0.3947216272354126, "combined_sentiment": "POSITIVE", "combined_score": 0.4233108136177063}, {"description": "The Bitcoin (BTC-USD) mining industry is set for notable changes in 2024, presenting both challenges and opportunities for investors and Bitcoin mining stocks. The Bitcoin halving event in April 2024 reduced block rewards from 6.25 BTC to 3.125 BTC, significa\u2026", "date": "2024-07-10T18:11:41Z", "vader_sentiment": "POSITIVE", "vader_score": 0.4767, "bert_sentiment": "POSITIVE", "bert_score": 0.3821236193180084, "combined_sentiment": "POSITIVE", "combined_score": 0.4294118096590042}, {"description": "Datos en cadena reflejan una adquisici\u00f3n de m\u00e1s de 7.700 bitcoin, justo cuando el precio de BTC se ha mantenido entre los USD 60.000 y USD 61.000.\nLeer m\u00e1s", "date": "2024-06-30T16:50:54Z", "vader_sentiment": "POSITIVE", "vader_score": 0.34, "bert_sentiment": "NEGATIVE", "bert_score": 0.42831525206565857, "combined_sentiment": "POSITIVE", "combined_score": 0.3841576260328293}, {"description": "En cuesti\u00f3n de d\u00edas las tenencias de BTC de Alemania pasaron de m\u00e1s de USD 3.000 millones a solo 400.\u00bfPara qu\u00e9 le servir\u00e1n?\nLeer m\u00e1s", "date": "2024-07-16T23:17:55Z", "vader_sentiment": "POSITIVE", "vader_score": 0.0, "bert_sentiment": "NEGATIVE", "bert_score": 0.7004434466362, "combined_sentiment": "POSITIVE", "combined_score": 0.3502217233181}, {"description": "With almost $180 million in SOL tokens moved to cryptocurrency exchange Coinbase, Solana, the fast-moving blockchain network, has become entangled in whale activity. Investors feel chilly from this large fund movement, which begs the question of where the pri\u2026", "date": "2024-07-05T15:30:15Z", "vader_sentiment": "POSITIVE", "vader_score": 0.0, "bert_sentiment": "NEGATIVE", "bert_score": 0.4516150653362274, "combined_sentiment": "POSITIVE", "combined_score": 0.2258075326681137}, {"description": "Desde hace varios d\u00edas, los monederos de BTC controlados por los gobiernos de Alemania y Estados Unidos han registrado movimientos millonarios.\nLeer m\u00e1s", "date": "2024-07-04T15:44:43Z", "vader_sentiment": "POSITIVE", "vader_score": 0.0, "bert_sentiment": "NEGATIVE", "bert_score": 0.5030613541603088, "combined_sentiment": "POSITIVE", "combined_score": 0.2515306770801544}, {"description": "Debiut gie\u0142dowych funduszy inwestuj\u0105cych w drug\u0105 \nkryptowalut\u0119 to kwestia najbli\u017cszych dni lub godzin. Czy ETF-y typu spot\n na ethereum zostan\u0105 przyj\u0119te tak dobrze jak ETF-y na bitcoina? Zdania \ns\u0105 podzielone. Wed\u0142ug jednych nowy produkt katapultuje cen\u0119 ethe\u2026", "date": "2024-07-23T04:07:03Z", "vader_sentiment": "POSITIVE", "vader_score": 0.0, "bert_sentiment": "NEGATIVE", "bert_score": 0.32485172152519226, "combined_sentiment": "POSITIVE", "combined_score": 0.16242586076259613}, {"description": "The crypto market is under pressure as bitcoin (BTC-USD) prices experience a downturn following Mt. Gox's initiation of customer repayments. This development has ignited concerns about a potential bitcoin correction or widespread sell-off. Major cryptocurrenc\u2026", "date": "2024-07-05T20:08:49Z", "vader_sentiment": "NEGATIVE", "vader_score": -0.296, "bert_sentiment": "NEGATIVE", "bert_score": 0.48540717363357544, "combined_sentiment": "POSITIVE", "combined_score": 0.09470358681678773}, {"description": "Shares of Hut 8 (NASDAQ:HUT) fell in today\u2019s trading after the bitcoin (BTC-USD) miner secured a $150 million investment from Coatue Management. Th...", "date": "2024-06-24T22:20:29Z", "vader_sentiment": "POSITIVE", "vader_score": 0.5994, "bert_sentiment": "NEGATIVE", "bert_score": 0.5970059037208557, "combined_sentiment": "POSITIVE", "combined_score": 0.5982029518604279}, {"description": "Spot Bitcoin BTC/USD exchange-traded funds (ETFs) saw nearly $300 million in net inflows on Monday \u2014 the highest since early June when BTC traded over $70,000.\nWhat Happened: Data from SoSoValue shows BlackRock's iShares Bitcoin Trust IBIT led the buying spre\u2026", "date": "2024-07-09T19:44:59Z", "vader_sentiment": "POSITIVE", "vader_score": 0.5106, "bert_sentiment": "NEGATIVE", "bert_score": 0.6523860096931458, "combined_sentiment": "POSITIVE", "combined_score": 0.581493004846573}, {"description": "On July 6, popular crypto analyst CryptoRand shared an insightful post on the social media platform X (formerly known as Twitter). Detailed Analysis of the Santiment Chart The chart provided by Santiment offers comprehensive insights into Bitcoin (BTC) accumu\u2026", "date": "2024-07-07T08:16:49Z", "vader_sentiment": "POSITIVE", "vader_score": 0.7351, "bert_sentiment": "POSITIVE", "bert_score": 0.321708619594574, "combined_sentiment": "POSITIVE", "combined_score": 0.528404309797287}, {"description": "Wall Street\u2019s focus on blockchain stocks is likely to continue in the second half of 2024 as well. Blockchain, the technology behind cryptocurrencies like Bitcoin (BTC-USD) and Ethereum (ETH-USD), has applications that extend far beyond digital currencies. In\u2026", "date": "2024-07-08T18:08:12Z", "vader_sentiment": "POSITIVE", "vader_score": 0.6486, "bert_sentiment": "POSITIVE", "bert_score": 0.33974772691726685, "combined_sentiment": "POSITIVE", "combined_score": 0.4941738634586334}, {"description": "As Bitcoin (BTC-USD) continues to struggle, it\u2019s an opportune time to consider offloading altcoins to sell.\nCrypto bellwether Bitcoin dipped below the $58,000 mark on the back of anticipated Mt. Gox creditor payouts and the German government\u2019s BTC transaction\u2026", "date": "2024-07-10T20:01:36Z", "vader_sentiment": "POSITIVE", "vader_score": 0.0772, "bert_sentiment": "NEGATIVE", "bert_score": 0.5708956718444824, "combined_sentiment": "POSITIVE", "combined_score": 0.32404783592224123}, {"description": "On-chain data suggests Satoshi\u2019s original vision is alive and kicking as the Bitcoin network has shifted towards smaller transactions. Bitcoin P2P Payment Transfers Have Been Gaining Steam Recently In a new post on X, CryptoQuant founder and CEO Ki Young Ju h\u2026", "date": "2024-07-12T07:30:58Z", "vader_sentiment": "POSITIVE", "vader_score": 0.8271, "bert_sentiment": "POSITIVE", "bert_score": 0.2398463785648346, "combined_sentiment": "POSITIVE", "combined_score": 0.5334731892824173}, {"description": "Bitcoin (CRYPTO: BTC/USD) stocks including Marathon Digital Holdings, Inc (NASDAQ:MARA), CleanSpark, Inc (NASDAQ:CLSK), Coinbase Global, Inc (NASDAQ:COIN), Riot Platforms, Inc (NASDAQ:RIOT), MicroStrategy Inc (NASDAQ:MSTR) are trading higher Monday as Bitcoin\u2026", "date": "2024-07-15T16:45:24Z", "vader_sentiment": "NEGATIVE", "vader_score": -0.5574, "bert_sentiment": "NEGATIVE", "bert_score": 0.40980619192123413, "combined_sentiment": "NEGATIVE", "combined_score": -0.07379690403938294}, {"description": "Bitcoin ETF issuer VanEck has teamed up with asset manager Inter Invest to launch the first-ever offering of Bitcoin exposure within French retirement savings plans.\u00a0 The initiative is facilitated by VanEck\u2019s VBTC Bitcoin ETF, which was also recently launched\u2026", "date": "2024-07-17T07:00:59Z", "vader_sentiment": "POSITIVE", "vader_score": 0.3612, "bert_sentiment": "POSITIVE", "bert_score": 0.3885767459869385, "combined_sentiment": "POSITIVE", "combined_score": 0.3748883729934692}, {"description": "The crypto market is in a state of panic with a market-wide crash that has shaken Bitcoin and altcoins. With the Bitcoin price continuing to fall from support after support, tens of thousands of traders have lost their positions, leading to hundreds of millio\u2026", "date": "2024-07-04T14:00:34Z", "vader_sentiment": "NEGATIVE", "vader_score": -0.4939, "bert_sentiment": "NEGATIVE", "bert_score": 0.6942178606987, "combined_sentiment": "POSITIVE", "combined_score": 0.10015893034934997}, {"description": "On-chain data shows that large investors in the Bitcoin network have been buying while the market has been in a panic state about the latest crash. Bitcoin Large Holders Netflow Has Been Positive Recently According to data from the market intelligence platfor\u2026", "date": "2024-06-26T03:00:29Z", "vader_sentiment": "POSITIVE", "vader_score": 0.1779, "bert_sentiment": "NEGATIVE", "bert_score": 0.37338730692863464, "combined_sentiment": "POSITIVE", "combined_score": 0.2756436534643173}, {"description": "Metaplanet ya acumula m\u00e1s de 225 BTC, lo que equivale a 14 millones de d\u00f3lares.\nLeer m\u00e1s", "date": "2024-07-16T12:04:56Z", "vader_sentiment": "POSITIVE", "vader_score": 0.0, "bert_sentiment": "NEGATIVE", "bert_score": 0.5314832925796509, "combined_sentiment": "POSITIVE", "combined_score": 0.26574164628982544}, {"description": "In this AI-powered analysis, we will compare the recent price trends, market performance, and potential future outlook of Dogecoin ($DOGE) and Pepe ($PEPE) to determine which might be the better buy for the remainder of the year. Dogecoin ($DOGE) Analysis DOG\u2026", "date": "2024-06-24T04:26:50Z", "vader_sentiment": "POSITIVE", "vader_score": 0.4404, "bert_sentiment": "POSITIVE", "bert_score": 0.4500263035297394, "combined_sentiment": "POSITIVE", "combined_score": 0.4452131517648697}, {"description": "On-chain data shows the Bitcoin Puell Multiple is currently forming a pattern that has previously signaled a bullish opportunity for the asset. Bitcoin Puell Multiple Has Plunged To Low Levels Recently As pointed out by an analyst in a CryptoQuant Quicktake p\u2026", "date": "2024-07-09T19:00:37Z", "vader_sentiment": "POSITIVE", "vader_score": 0.4939, "bert_sentiment": "NEGATIVE", "bert_score": 0.3081684410572052, "combined_sentiment": "POSITIVE", "combined_score": 0.4010342205286026}, {"description": "La ca\u00edda por debajo de los USD 54.000 es la mayor del ciclo iniciado en 2022, una correcci\u00f3n que algunos analistas califican como necesaria.\nLeer m\u00e1s", "date": "2024-07-07T15:20:10Z", "vader_sentiment": "POSITIVE", "vader_score": 0.0, "bert_sentiment": "NEGATIVE", "bert_score": 0.3828223943710327, "combined_sentiment": "POSITIVE", "combined_score": 0.19141119718551636}, {"description": "Tether USDT\u2019s 24-hour trading volume exceeds the combined total of the following five digital assets, including Bitcoin and Ethereum. Reflecting on Tether\u2019s dominance in trading volume provides insight into market liquidity. As CryptoSlate data indicates, Tet\u2026", "date": "2024-07-08T10:35:45Z", "vader_sentiment": "POSITIVE", "vader_score": 0.3612, "bert_sentiment": "POSITIVE", "bert_score": 0.5603566765785217, "combined_sentiment": "POSITIVE", "combined_score": 0.46077833828926085}, {"description": "On-chain Highlights DEFINITION:\u00a0The percentage of futures contracts open interest that is margined in the native coin (e.g. BTC), and not in USD or a USD-pegged stablecoin. Bitcoin\u2019s percentage of crypto-margined futures open interest on all exchanges shows n\u2026", "date": "2024-07-11T22:30:58Z", "vader_sentiment": "POSITIVE", "vader_score": 0.7184, "bert_sentiment": "NEGATIVE", "bert_score": 0.40827569365501404, "combined_sentiment": "POSITIVE", "combined_score": 0.563337846827507}, {"description": "Seg\u00fan las autoridades del estado de Sajonia, recurrieron a una \"venta de emergencia\" sin preocuparse por lograr el mayor rendimiento posible.\nLeer m\u00e1s", "date": "2024-07-17T18:48:36Z", "vader_sentiment": "NEGATIVE", "vader_score": -0.5574, "bert_sentiment": "POSITIVE", "bert_score": 0.2597443461418152, "combined_sentiment": "NEGATIVE", "combined_score": -0.1488278269290924}, {"description": "Mt. Gox\u2019s repayment moves 44,527 BTC internally, triggering market concerns and renewed selling pressure. Despite [\u2026]", "date": "2024-07-16T20:00:22Z", "vader_sentiment": "NEGATIVE", "vader_score": -0.296, "bert_sentiment": "NEGATIVE", "bert_score": 0.5517255067825317, "combined_sentiment": "POSITIVE", "combined_score": 0.12786275339126588}, {"description": "Tras la p\u00e9rdida de soporte del precio en los \u00faltimos d\u00edas, hay visiones encontradas sobre la direcci\u00f3n de la moneda digital en las pr\u00f3ximas semanas. \nLeer m\u00e1s", "date": "2024-07-06T15:13:17Z", "vader_sentiment": "POSITIVE", "vader_score": 0.0, "bert_sentiment": "NEGATIVE", "bert_score": 0.28502151370048523, "combined_sentiment": "POSITIVE", "combined_score": 0.14251075685024261}, {"description": "El quebrado exchange realizar\u00e1 pagos tanto en BTC como en dinero en efectivo.\nLeer m\u00e1s", "date": "2024-06-24T12:58:16Z", "vader_sentiment": "POSITIVE", "vader_score": 0.0, "bert_sentiment": "NEGATIVE", "bert_score": 0.284431517124176, "combined_sentiment": "POSITIVE", "combined_score": 0.142215758562088}, {"description": "On 6 July 2024, Willy Woo, a well-known cryptocurrency analyst, shared detailed advice on X (formerly known as Twitter) about trading Bitcoin (BTC) with leverage. Woo is a prominent figure in the cryptocurrency world, known for his in-depth analysis of Bitcoi\u2026", "date": "2024-07-07T05:03:16Z", "vader_sentiment": "POSITIVE", "vader_score": 0.872, "bert_sentiment": "POSITIVE", "bert_score": 0.324065625667572, "combined_sentiment": "POSITIVE", "combined_score": 0.598032812833786}, {"description": "On-chain data shows the Bitcoin Hash Ribbons are signaling that the miners are still under immense pressure as their capitulation continues. Bitcoin Hash Ribbons Are Yet To Signal End Of Miner Capitulation In a post on X, CryptoQuant community manager Maartun\u2026", "date": "2024-07-08T21:30:11Z", "vader_sentiment": "NEGATIVE", "vader_score": -0.296, "bert_sentiment": "NEGATIVE", "bert_score": 0.27560552954673767, "combined_sentiment": "NEGATIVE", "combined_score": -0.010197235226631157}, {"description": "Blogs Score Personal Usage of Profitable Wagering Selections 100percent free \u2013 slot Michelangelo Video clips Harbors Most popular 777 Video slot Business Lookup The Full Set of Slot Reviews But not, recall you will possibly not manage to find the of one\u2019s fav\u2026", "date": "2024-07-04T12:21:50Z", "vader_sentiment": "POSITIVE", "vader_score": 0.6306, "bert_sentiment": "NEGATIVE", "bert_score": 0.2677709460258484, "combined_sentiment": "POSITIVE", "combined_score": 0.4491854730129242}, {"description": "La liberaci\u00f3n de bitcoin que har\u00e1 el exchange quebrado no deber\u00eda preocupar a los inversionistas ante la demanda actual.\nLeer m\u00e1s", "date": "2024-06-25T17:31:53Z", "vader_sentiment": "NEGATIVE", "vader_score": -0.296, "bert_sentiment": "NEGATIVE", "bert_score": 0.39301323890686035, "combined_sentiment": "POSITIVE", "combined_score": 0.04850661945343018}, {"description": "El precio de la moneda digital se acerca a USD 60.000, pero hay visiones encontradas sobre la direcci\u00f3n que tomar\u00e1 en las pr\u00f3ximas semanas.\nLeer m\u00e1s", "date": "2024-07-13T00:08:06Z", "vader_sentiment": "POSITIVE", "vader_score": 0.0, "bert_sentiment": "NEGATIVE", "bert_score": 0.42134782671928406, "combined_sentiment": "POSITIVE", "combined_score": 0.21067391335964203}, {"description": "Crypto twitterati showed no mercy as Polkadot published a transparency report detailing spending on $87 million of DOT tokens \u2013 a lot of it on marketing. PLUS blockchain tech news and project highlights from the past week.", "date": "2024-07-03T18:15:30Z", "vader_sentiment": "NEGATIVE", "vader_score": -0.2755, "bert_sentiment": "NEGATIVE", "bert_score": 0.5430610179901123, "combined_sentiment": "POSITIVE", "combined_score": 0.13378050899505614}, {"description": "IMC Chicago LLC bought a new position in shares of ARK 21Shares Bitcoin ETF (BATS:ARKB \u2013 Free Report) during the 1st quarter, HoldingsChannel reports. The firm bought 15,637 shares of the company\u2019s stock, valued at approximately $1,110,000. Separately, Signal\u2026", "date": "2024-06-28T09:48:46Z", "vader_sentiment": "POSITIVE", "vader_score": 0.8625, "bert_sentiment": "NEGATIVE", "bert_score": 0.37317222356796265, "combined_sentiment": "POSITIVE", "combined_score": 0.6178361117839813}, {"description": "La wallet del Gobierno se ha deshecho de m\u00e1s de 35.000 BTC en solo tres semanas, inundando al mercado de oferta.\nLeer m\u00e1s", "date": "2024-07-11T12:25:04Z", "vader_sentiment": "POSITIVE", "vader_score": 0.34, "bert_sentiment": "NEGATIVE", "bert_score": 0.7838730216026306, "combined_sentiment": "POSITIVE", "combined_score": 0.5619365108013153}, {"description": "The analyst made these calculations based on certain set parameters that focus on the slow degradation of the USD due to heavy central bank manipulation.", "date": "2024-07-06T22:16:00Z", "vader_sentiment": "NEGATIVE", "vader_score": -0.5423, "bert_sentiment": "NEGATIVE", "bert_score": 0.30022040009498596, "combined_sentiment": "NEGATIVE", "combined_score": -0.12103979995250702}, {"description": "Major crypto tokens had a mixed day with some recording gains and others facing losses. Bitcoin and Ethereum remained stable, with Bitcoin briefly touching $65,000.", "date": "2024-07-16T10:02:02Z", "vader_sentiment": "POSITIVE", "vader_score": 0.2263, "bert_sentiment": "NEGATIVE", "bert_score": 0.38741040229797363, "combined_sentiment": "POSITIVE", "combined_score": 0.3068552011489868}, {"description": "Recently, Michael Saylor, Chairman of MicroStrategy and a notable advocate for Bitcoin, conducted a poll to gauge community expectations on Bitcoin\u2019s potential growth over the next decade. The poll revealed an overwhelmingly optimistic sentiment among partici\u2026", "date": "2024-06-26T01:00:24Z", "vader_sentiment": "POSITIVE", "vader_score": 0.5267, "bert_sentiment": "POSITIVE", "bert_score": 0.27211830019950867, "combined_sentiment": "POSITIVE", "combined_score": 0.3994091500997543}]